<?xml version="1.0" encoding="UTF-8"?>
<!DOCTYPE mapper PUBLIC "-//mybatis.org//DTD Mapper 3.0//EN" "http://mybatis.org/dtd/mybatis-3-mapper.dtd">
<mapper namespace="com.graduation.server.mapper.CuserMapper">

    <!-- 通用查询映射结果 -->
    <resultMap id="BaseResultMap" type="com.graduation.server.pojo.Cuser">
        <id column="cuser_id" property="cuserId" />
        <result column="cuser_password" property="cuserPassword" />
        <result column="cuser_name" property="cuserName" />
        <result column="cuser_phone" property="cuserPhone" />
        <result column="cuser_orgid" property="cuserOrgid" />
        <result column="cuser_email" property="cuserEmail" />
        <result column="cuser_carnumber" property="cuserCarnumber" />
        <result column="cuser_balance" property="cuserBalance" />
    </resultMap>

    <!-- 通用查询结果列 -->
    <sql id="Base_Column_List">
        cuser_id, cuser_password, cuser_name, cuser_phone, cuser_orgid, cuser_email, cuser_carnumber, cuser_balance
    </sql>

</mapper>
